district,year,month,max_temp,min_temp,rh_max,rh_min,rh_avg,rainfall,,rice_yield,wheat_yield,maize_yield,barley_yield,millet_yield,plant_rice,plant_wheat,plant_maize,plant_barley,plant_millet
Bhaktapur,2013,1,19.5,1.7,96.9,0.2,65.4,2,,0,3670,0,0,0,no,yes,no,no,no
Bhaktapur,2013,2,20.6,4,90.2,40.7,68.6,13.5,,0,3670,4000,0,0,no,yes,yes,no,no
Bhaktapur,2013,3,22.5,5.1,94.9,28.6,67.2,0,,0,0,4000,0,0,no,no,yes,no,no
Bhaktapur,2013,4,28.8,8.2,91.9,17.7,58.9,0,,0,0,4000,0,0,no,no,yes,no,no
Bhaktapur,2013,5,28.7,15.3,96,47.7,67,30.8,,0,0,4000,1100,0,no,no,yes,yes,no
Bhaktapur,2013,6,30.7,20.2,91.4,51.2,69.3,172.2,,5900,0,4000,1100,0,yes,no,yes,yes,no
Bhaktapur,2013,7,29.7,20.8,91.2,46.8,77.4,364.9,,5900,0,4000,1100,1415,yes,no,yes,yes,yes
Bhaktapur,2013,8,28.4,20.1,97.2,64.6,81.2,349.8,,5900,0,0,1100,1415,yes,no,no,yes,yes
Bhaktapur,2013,9,29.1,18.5,91.2,67.2,78,91.1,,5900,0,0,1100,1415,yes,no,no,yes,yes
Bhaktapur,2013,10,23.6,14.5,91.9,54.4,75.6,100.7,,0,0,0,1100,1415,no,no,no,yes,yes
Bhaktapur,2013,11,23.5,5.6,98.9,56.7,77.1,0,,0,4100,0,0,1415,no,yes,no,no,yes
Bhaktapur,2013,12,19.9,2.8,92.3,50,74.1,0,,0,4100,0,0,0,no,yes,no,no,no
Bhaktapur,2014,1,19.5,1.7,96.9,0.2,65.4,2,,0,4100,0,0,0,no,yes,no,no,no
Bhaktapur,2014,2,20.6,4,90.2,40.7,68.6,13.5,,0,4100,4000,0,0,no,yes,yes,no,no
Bhaktapur,2014,3,22.5,5.1,94.9,28.6,67.2,0,,0,0,4000,0,0,no,no,yes,no,no
Bhaktapur,2014,4,28.8,8.2,91.9,17.7,58.9,0,,0,0,4000,0,0,no,no,yes,no,no
Bhaktapur,2014,5,28.7,15.3,96,47.7,67,30.8,,0,0,4000,1100,0,no,no,yes,yes,no
Bhaktapur,2014,6,30.7,20.2,91.4,51.2,69.3,172.2,,5900,0,4000,1100,0,yes,no,yes,yes,no
Bhaktapur,2014,7,29.7,20.8,91.2,46.8,77.4,364.9,,5900,0,4000,1100,1415,yes,no,yes,yes,yes
Bhaktapur,2014,8,28.9,20.4,97.2,64.6,81.2,278.6,,5900,0,0,1100,1415,yes,no,no,yes,yes
Bhaktapur,2014,9,28.3,18.8,91.2,67.2,78,67.5,,5900,0,0,1100,1415,yes,no,no,yes,yes
Bhaktapur,2014,10,26.3,12.2,91.9,54.4,75.6,121.5,,0,0,0,1100,1415,no,no,no,yes,yes
Bhaktapur,2014,11,22.4,5.4,98.9,56.7,77.1,0,,0,4100,0,0,1415,no,yes,no,no,yes
Bhaktapur,2014,12,19,2.6,92.3,50,74.1,9.8,,0,4100,0,0,0,no,yes,no,no,no
Bhaktapur,2015,1,19.4,1.1,96.9,0.2,65.4,0,,0,4100,0,0,0,no,yes,no,no,no
Bhaktapur,2015,2,21.9,5.3,90.2,40.7,68.6,21.2,,0,4100,4100,0,0,no,yes,yes,no,no
Bhaktapur,2015,3,23.9,8.2,94.9,28.6,67.2,60.6,,0,0,4100,0,0,no,no,yes,no,no
Bhaktapur,2015,4,25.9,11.5,91.9,17.7,58.9,26.6,,0,0,4100,0,0,no,no,yes,no,no
Bhaktapur,2015,5,30.2,15.8,96,47.7,67,77,,0,0,4100,1036,0,no,no,yes,yes,no
Bhaktapur,2015,6,30.9,19.4,91.4,51.2,69.3,130.4,,5741,0,4100,1036,0,yes,no,yes,yes,no
Bhaktapur,2015,7,29.6,20.9,91.2,46.8,77.4,309.2,,5741,0,4100,1036,1418,yes,no,yes,yes,yes
Bhaktapur,2015,8,29.2,20.7,97.2,64.6,81.2,370.1,,5741,0,0,1036,1418,yes,no,no,yes,yes
Bhaktapur,2015,9,29.5,19.3,91.2,67.2,78,89.6,,5741,0,0,1036,1418,yes,no,no,yes,yes
Bhaktapur,2015,10,27.6,12.5,91.9,54.4,75.6,40.4,,0,0,0,1036,1418,no,no,no,yes,yes
Bhaktapur,2015,11,23.9,7.4,98.9,56.7,77.1,0,,0,4100,0,0,1418,no,yes,no,no,yes
Bhaktapur,2015,12,19.6,2.2,92.3,50,74.1,0,,0,4100,0,0,0,no,yes,no,no,no
Bhaktapur,2016,1,18.6,2.1,96.9,0.2,65.4,1.4,,0,4100,0,0,0,no,yes,no,no,no
Bhaktapur,2016,2,23,4.3,90.2,40.7,68.6,11.4,,0,4100,4100,0,0,no,yes,yes,no,no
Bhaktapur,2016,3,26.3,8.2,94.9,28.6,67.2,3.4,,0,0,4100,0,0,no,no,yes,no,no
Bhaktapur,2016,4,30.9,11.6,91.9,17.7,58.9,3.2,,0,0,4100,0,0,no,no,yes,no,no
Bhaktapur,2016,5,29.1,15.6,96,47.7,67,135.7,,0,0,4100,1036,0,no,no,yes,yes,no
Bhaktapur,2016,6,30,20,91.4,51.2,69.3,317.5,,5741,0,4100,1036,0,yes,no,yes,yes,no
Bhaktapur,2016,7,28.3,21.1,91.2,46.8,77.4,363.3,,5741,0,4100,1036,1418,yes,no,yes,yes,yes
Bhaktapur,2016,8,30.5,20.5,97.2,64.6,81.2,153.2,,5741,0,0,1036,1418,yes,no,no,yes,yes
Bhaktapur,2016,9,28.2,19.7,91.2,67.2,78,231.6,,5741,0,0,1036,1418,yes,no,no,yes,yes
Bhaktapur,2016,10,28.1,14.6,91.9,54.4,75.6,65.3,,0,0,0,1036,1418,no,no,no,yes,yes
Bhaktapur,2016,11,24.4,6.4,98.9,56.7,77.1,0,,0,4100,0,0,1418,no,yes,no,no,yes
Bhaktapur,2016,12,22.3,3.5,92.3,50,74.1,0,,0,4100,0,0,0,no,yes,no,no,no
Bhaktapur,2017,1,20.1,0.9,96.9,0.2,65.4,23.4,,0,4100,0,0,0,no,yes,no,no,no
Bhaktapur,2017,2,23.3,4.6,90.2,40.7,68.6,0,,0,4100,4100,0,0,no,yes,yes,no,no
Bhaktapur,2017,3,23.5,7.8,94.9,28.6,67.2,90.9,,0,0,4100,0,0,no,no,yes,no,no
Bhaktapur,2017,4,28.3,11.8,91.9,17.7,58.9,86.1,,0,0,4100,0,0,no,no,yes,no,no
Bhaktapur,2017,5,29.2,15.5,96,47.7,67,125.9,,0,0,4100,1036,0,no,no,yes,yes,no
Bhaktapur,2017,6,30.8,19.3,91.4,51.2,69.3,127.7,,5741,0,4100,1036,0,yes,no,yes,yes,no
Bhaktapur,2017,7,30.1,21.1,91.2,46.8,77.4,254.5,,5741,0,4100,1036,1418,yes,no,yes,yes,yes
Bhaktapur,2017,8,30.1,20.9,97.2,64.6,81.2,271.4,,5741,0,0,1036,1418,yes,no,no,yes,yes
Bhaktapur,2017,9,30.5,19.6,91.2,67.2,78,89,,5741,0,0,1036,1418,yes,no,no,yes,yes
Bhaktapur,2017,10,28.9,14.8,91.9,54.4,75.6,29.9,,0,0,0,1036,1418,no,no,no,yes,yes
Bhaktapur,2017,11,24.9,7,98.9,56.7,77.1,2.3,,0,4100,0,0,1418,no,yes,no,no,yes
Bhaktapur,2017,12,23.2,2.7,92.3,50,74.1,0,,0,4100,0,0,0,no,yes,no,no,no
Chitwan,2013,1,21.4,4.5,100,55.9,85.2,9.6,,0,3443,0,0,0,no,yes,no,no,no
Chitwan,2013,2,26.6,8.1,97.8,46.6,79.6,0,,0,3443,3009,0,0,no,yes,yes,no,no
Chitwan,2013,3,32.1,12.4,95.7,36.9,68.1,29.5,,0,0,3009,0,0,no,no,yes,no,no
Chitwan,2013,4,34.4,22.1,98.2,25.3,71.7,74.5,,0,0,3009,0,0,no,no,yes,no,no
Chitwan,2013,5,35.3,24.9,92.9,52,73.3,375.9,,0,0,3009,1000,0,no,no,yes,yes,no
Chitwan,2013,6,34.2,25.9,98.4,57.3,79.7,667.5,,3312,0,3009,1000,0,yes,no,yes,yes,no
Chitwan,2013,7,34.3,25.8,100,64.6,83.8,430.1,,3312,0,3009,1000,1000,yes,no,yes,yes,yes
Chitwan,2013,8,33.9,26.2,98.4,66.5,86,181.1,,3312,0,0,1000,1000,yes,no,no,yes,yes
Chitwan,2013,9,33.7,21.9,98.3,69.5,86.8,199.3,,3312,0,0,1000,1000,yes,no,no,yes,yes
Chitwan,2013,10,30.6,12.8,98.2,48.9,87.7,158.8,,0,0,0,1000,1000,no,no,no,yes,yes
Chitwan,2013,11,27.5,9.6,98.3,78.5,90.9,1.6,,0,3443,0,0,1000,no,yes,no,no,yes
Chitwan,2013,12,23.5,9.5,98.7,77.6,94.6,0,,0,3443,0,0,0,no,yes,no,no,no
Chitwan,2014,1,22.6,10.1,100,55.9,85.2,9.2,,0,3443,0,0,0,no,yes,no,no,no
Chitwan,2014,2,22.9,12.9,97.8,46.6,79.6,20.7,,0,3443,3009,0,0,no,yes,yes,no,no
Chitwan,2014,3,31.1,16.6,95.7,36.9,68.1,10.2,,0,0,3009,0,0,no,no,yes,no,no
Chitwan,2014,4,36.8,21.6,98.2,25.3,71.7,3.9,,0,0,3009,0,0,no,no,yes,no,no
Chitwan,2014,5,37.2,24.7,92.9,52,73.3,106.4,,0,0,3009,1000,0,no,no,yes,yes,no
Chitwan,2014,6,35.5,25.8,98.4,57.3,79.7,389.5,,3312,0,3009,1000,0,yes,no,yes,yes,no
Chitwan,2014,7,33.6,25.3,100,64.6,83.8,428,,3312,0,3009,1000,1000,yes,no,yes,yes,yes
Chitwan,2014,8,33,24.5,98.4,66.5,86,795.7,,3312,0,0,1000,1000,yes,no,no,yes,yes
Chitwan,2014,9,32.6,19.6,98.3,69.5,86.8,205.6,,3312,0,0,1000,1000,yes,no,no,yes,yes
Chitwan,2014,10,31.9,14.1,98.2,48.9,87.7,85,,0,0,0,1000,1000,no,no,no,yes,yes
Chitwan,2014,11,28.6,10.3,98.3,78.5,90.9,0,,0,3443,0,0,1000,no,yes,no,no,yes
Chitwan,2014,12,21.6,9.5,98.7,77.6,94.6,9.5,,0,3443,0,0,0,no,yes,no,no,no
Chitwan,2015,1,21.4,10.9,100,55.9,85.2,14,,0,3443,0,0,0,no,yes,no,no,no
Chitwan,2015,2,24.8,14.8,97.8,46.6,79.6,46.9,,0,3443,2814,0,0,no,yes,yes,no,no
Chitwan,2015,3,29,17.9,95.7,36.9,68.1,43.7,,0,0,2814,0,0,no,no,yes,no,no
Chitwan,2015,4,32.4,22.3,98.2,25.3,71.7,21,,0,0,2814,0,0,no,no,yes,no,no
Chitwan,2015,5,35.6,24.5,92.9,52,73.3,174.2,,0,0,2814,1399,0,no,no,yes,yes,no
Chitwan,2015,6,35.2,25.5,98.4,57.3,79.7,306.8,,3399,0,2814,1399,0,yes,no,yes,yes,no
Chitwan,2015,7,34.2,25.3,100,64.6,83.8,417.4,,3399,0,2814,1399,1087,yes,no,yes,yes,yes
Chitwan,2015,8,33.2,24.6,98.4,66.5,86,461.2,,3399,0,0,1399,1087,yes,no,no,yes,yes
Chitwan,2015,9,33.3,19.2,98.3,69.5,86.8,139,,3399,0,0,1399,1087,yes,no,no,yes,yes
Chitwan,2015,10,31.8,14.3,98.2,48.9,87.7,4.2,,0,0,0,1399,1087,no,no,no,yes,yes
Chitwan,2015,11,27.9,8.7,98.3,78.5,90.9,0,,0,3342,0,0,1087,no,yes,no,no,yes
Chitwan,2015,12,23,7.4,98.7,77.6,94.6,0,,0,3342,0,0,0,no,yes,no,no,no
Chitwan,2016,1,22.6,10.4,100,55.9,85.2,7.7,,0,3342,0,0,0,no,yes,no,no,no
Chitwan,2016,2,27.3,14.6,97.8,46.6,79.6,1.1,,0,3342,2814,0,0,no,yes,yes,no,no
Chitwan,2016,3,32.1,18.6,95.7,36.9,68.1,36.2,,0,0,2814,0,0,no,no,yes,no,no
Chitwan,2016,4,36.9,23.2,98.2,25.3,71.7,1.9,,0,0,2814,0,0,no,no,yes,no,no
Chitwan,2016,5,34.3,24.1,92.9,52,73.3,305.2,,0,0,2814,1399,0,no,no,yes,yes,no
Chitwan,2016,6,33.6,24.5,98.4,57.3,79.7,257.9,,3399,0,2814,1399,0,yes,no,yes,yes,no
Chitwan,2016,7,32.5,23.3,100,64.6,83.8,618.4,,3399,0,2814,1399,1087,yes,no,yes,yes,yes
Chitwan,2016,8,34.3,19,98.4,66.5,86,157.2,,3399,0,0,1399,1087,yes,no,no,yes,yes
Chitwan,2016,9,32.3,11,98.3,69.5,86.8,631.5,,3399,0,0,1399,1087,yes,no,no,yes,yes
Chitwan,2016,10,31.7,8.8,98.2,48.9,87.7,42.7,,0,0,0,1399,1087,no,no,no,yes,yes
Chitwan,2016,11,28.2,6.3,98.3,78.5,90.9,0,,0,3342,0,0,1087,no,yes,no,no,yes
Chitwan,2016,12,23.4,10.1,98.7,77.6,94.6,0,,0,3342,0,0,0,no,yes,no,no,no
Chitwan,2017,1,23.9,13.5,100,55.9,85.2,13.8,,0,3342,0,0,0,no,yes,no,no,no
Chitwan,2017,2,26.9,18.7,97.8,46.6,79.6,3.4,,0,3342,2814,0,0,no,yes,yes,no,no
Chitwan,2017,3,29.5,21.2,95.7,36.9,68.1,64.5,,0,0,2814,0,0,no,no,yes,no,no
Chitwan,2017,4,33.4,24.6,98.2,25.3,71.7,77.6,,0,0,2814,0,0,no,no,yes,no,no
Chitwan,2017,5,35.1,24.4,92.9,52,73.3,86.1,,0,0,2814,1399,0,no,no,yes,yes,no
Chitwan,2017,6,35.4,25.3,98.4,57.3,79.7,179.7,,3399,0,2814,1399,0,yes,no,yes,yes,no
Chitwan,2017,7,33.6,24.8,100,64.6,83.8,460.2,,3399,0,2814,1399,1087,yes,no,yes,yes,yes
Chitwan,2017,8,32.7,21,98.4,66.5,86,568,,3399,0,0,1399,1087,yes,no,no,yes,yes
Chitwan,2017,9,33.8,13,98.3,69.5,86.8,241.2,,3399,0,0,1399,1087,yes,no,no,yes,yes
Chitwan,2017,10,32.6,10.1,98.2,48.9,87.7,0.5,,0,0,0,1399,1087,no,no,no,yes,yes
Chitwan,2017,11,29.2,8,98.3,78.5,90.9,0,,0,3342,0,0,1087,no,yes,no,no,yes
Chitwan,2017,12,25.4,5,98.7,77.6,94.6,0,,0,3342,0,0,0,no,yes,no,no,no
Kathmandu,2013,1,28.5,4.8,100,58.9,83.009,13.2,,0,3342,0,0,0,no,yes,no,no,no
Kathmandu,2013,2,22.4,7.1,97.7,65.5,76.8901194,25.5,,0,3342,3381,0,0,no,yes,yes,no,no
Kathmandu,2013,3,28.6,14,97.7,58.5,84.63770492,0,,0,0,3381,0,0,no,no,yes,no,no
Kathmandu,2013,4,27.7,14.5,96.5,14.4,85.94666667,12.2,,0,0,3381,0,0,no,no,yes,no,no
Kathmandu,2013,5,30.9,13.6,98.2,57,82.08741927,201,,0,0,3381,1000,0,no,no,yes,yes,no
Kathmandu,2013,6,30.6,15.1,96.9,66.9,84.02333333,187.3,,6101,0,3381,1000,0,yes,no,yes,yes,no
Kathmandu,2013,7,29.4,20.6,97.4,80.1,88.01451613,289,,6101,0,3381,1000,1000,yes,no,yes,yes,yes
Kathmandu,2013,8,30,21.2,96.8,75.9,86.55645161,346.3,,6101,0,0,1000,1000,yes,no,no,yes,yes
Kathmandu,2013,9,30,18.4,98.3,62.6,87.4559322,113.6,,6101,0,0,1000,1000,yes,no,no,yes,yes
Kathmandu,2013,10,26.7,17.9,92.4,62.6,83.92419355,107.9,,0,0,0,1000,1000,no,no,no,yes,yes
Kathmandu,2013,11,24.2,9.3,90.9,63.1,81.09098361,0,,0,3342,0,0,1000,no,yes,no,no,yes
Kathmandu,2013,12,23,6.7,93.4,63.6,80.77282609,0,,0,3342,0,0,0,no,yes,no,no,no
Kathmandu,2014,1,18.8,4.7,100,58.9,83.009,0,,0,3342,0,0,0,no,yes,no,no,no
Kathmandu,2014,2,17.3,6.2,97.7,65.5,76.8901194,15.4,,0,3342,3381,0,0,no,yes,yes,no,no
Kathmandu,2014,3,23.9,9.9,97.7,58.5,84.63770492,22.8,,0,0,3381,0,0,no,no,yes,no,no
Kathmandu,2014,4,29.6,14.1,96.5,14.4,85.94666667,7.3,,0,0,3381,0,0,no,no,yes,no,no
Kathmandu,2014,5,30.5,17.8,98.2,57,82.08741927,92,,0,0,3381,1000,0,no,no,yes,yes,no
Kathmandu,2014,6,30,19.1,96.9,66.9,84.02333333,203.6,,6101,0,3381,1000,0,yes,no,yes,yes,no
Kathmandu,2014,7,29.7,19.6,97.4,80.1,88.01451613,479.8,,6101,0,3381,1000,1000,yes,no,yes,yes,yes
Kathmandu,2014,8,30.1,20.5,96.8,75.9,86.55645161,357.2,,6101,0,0,1000,1000,yes,no,no,yes,yes
Kathmandu,2014,9,28.2,18.7,98.3,62.6,87.4559322,349.1,,6101,0,0,1000,1000,yes,no,no,yes,yes
Kathmandu,2014,10,26.1,15.6,92.4,62.6,83.92419355,75.7,,0,0,0,1000,1000,no,no,no,yes,yes
Kathmandu,2014,11,24.9,11.7,90.9,63.1,81.09098361,0,,0,3342,0,0,1000,no,yes,no,no,yes
Kathmandu,2014,12,21.9,7,93.4,63.6,80.77282609,24.9,,0,3342,0,0,0,no,yes,no,no,no
Kathmandu,2015,1,21.1,7.3,100,58.9,83.009,13.8,,0,3342,0,0,0,no,yes,no,no,no
Kathmandu,2015,2,25.9,9,97.7,65.5,76.8901194,20,,0,3342,3381,0,0,no,yes,yes,no,no
Kathmandu,2015,3,26.9,11.4,97.7,58.5,84.63770492,97.1,,0,0,3381,0,0,no,no,yes,no,no
Kathmandu,2015,4,29.5,14.3,96.5,14.4,85.94666667,39.6,,0,0,3381,0,0,no,no,yes,no,no
Kathmandu,2015,5,31.1,17.6,98.2,57,82.08741927,23.8,,0,0,3381,933,0,no,no,yes,yes,no
Kathmandu,2015,6,32.2,21.1,96.9,66.9,84.02333333,181.9,,6101,0,3381,933,0,yes,no,yes,yes,no
Kathmandu,2015,7,30.8,21.3,97.4,80.1,88.01451613,489.6,,6101,0,3381,933,1009,yes,no,yes,yes,yes
Kathmandu,2015,8,30.1,19.7,96.8,75.9,86.55645161,483.6,,6101,0,0,933,1009,yes,no,no,yes,yes
Kathmandu,2015,9,30.7,19.7,98.3,62.6,87.4559322,139.3,,6101,0,0,933,1009,yes,no,no,yes,yes
Kathmandu,2015,10,30.5,18.5,92.4,62.6,83.92419355,18.4,,0,0,0,933,1009,no,no,no,yes,yes
Kathmandu,2015,11,30.2,10.5,90.9,63.1,81.09098361,0,,0,3200,0,0,1009,no,yes,no,no,yes
Kathmandu,2015,12,25.7,5.8,93.4,63.6,80.77282609,0,,0,3200,0,0,0,no,yes,no,no,no
Kathmandu,2016,1,25.5,3.8,100,58.9,83.009,0,,0,3200,0,0,0,no,yes,no,no,no
Kathmandu,2016,2,28.8,5.2,97.7,65.5,76.8901194,20.2,,0,3200,3391,0,0,no,yes,yes,no,no
Kathmandu,2016,3,28.9,10.9,97.7,58.5,84.63770492,1.7,,0,0,3391,0,0,no,no,yes,no,no
Kathmandu,2016,4,30.7,14.4,96.5,14.4,85.94666667,12.8,,0,0,3391,0,0,no,no,yes,no,no
Kathmandu,2016,5,32.3,16.1,98.2,57,82.08741927,108.1,,0,0,3391,933,0,no,no,yes,yes,no
Kathmandu,2016,6,33.2,18.7,96.9,66.9,84.02333333,305.1,,5085,0,3391,933,0,yes,no,yes,yes,no
Kathmandu,2016,7,33,20.6,97.4,80.1,88.01451613,489.7,,5085,0,3391,933,1009,yes,no,yes,yes,yes
Kathmandu,2016,8,34.4,21.2,96.8,75.9,86.55645161,233.7,,5085,0,0,933,1009,yes,no,no,yes,yes
Kathmandu,2016,9,31,20.4,98.3,62.6,87.4559322,0,,5085,0,0,933,1009,yes,no,no,yes,yes
Kathmandu,2016,10,29.6,16.6,92.4,62.6,83.92419355,57.8,,0,0,0,933,1009,no,no,no,yes,yes
Kathmandu,2016,11,26.7,9.2,90.9,63.1,81.09098361,0,,0,3200,0,0,1009,no,yes,no,no,yes
Kathmandu,2016,12,23.2,7.3,93.4,63.6,80.77282609,0,,0,3200,0,0,0,no,yes,no,no,no
Kathmandu,2017,1,26,4.5,100,58.9,83.009,10.1,,0,3200,0,0,0,no,yes,no,no,no
Kathmandu,2017,2,28.3,6,97.7,65.5,76.8901194,0,,0,3200,3391,0,0,no,yes,yes,no,no
Kathmandu,2017,3,29.9,8.8,97.7,58.5,84.63770492,79.6,,0,0,3391,0,0,no,no,yes,no,no
Kathmandu,2017,4,31,12.6,96.5,14.4,85.94666667,60.1,,0,0,3391,0,0,no,no,yes,no,no
Kathmandu,2017,5,30.8,16.2,98.2,57,82.08741927,165.3,,0,0,3391,933,0,no,no,yes,yes,no
Kathmandu,2017,6,32.3,20.8,96.9,66.9,84.02333333,183.2,,5085,0,3391,933,0,yes,no,yes,yes,no
Kathmandu,2017,7,31.5,21.2,97.4,80.1,88.01451613,414.5,,5085,0,3391,933,1009,yes,no,yes,yes,yes
Kathmandu,2017,8,31.1,21.2,96.8,75.9,86.55645161,314.1,,5085,0,0,933,1009,yes,no,no,yes,yes
Kathmandu,2017,9,30.6,20.6,98.3,62.6,87.4559322,84.6,,5085,0,0,933,1009,yes,no,no,yes,yes
Kathmandu,2017,10,30.4,18.6,92.4,62.6,83.92419355,58,,0,0,0,933,1009,no,no,no,yes,yes
Kathmandu,2017,11,26.3,8,90.9,63.1,81.09098361,0,,0,3200,0,0,1009,no,yes,no,no,yes
Kathmandu,2017,12,22.7,5,93.4,63.6,80.77282609,0,,0,3200,0,0,0,no,yes,no,no,no
Rasuwa,2013,1,11.9,4.4,98.4,75.3,92,47.4,,0,2529,0,0,0,no,yes,no,no,no
Rasuwa,2013,2,14.2,8.5,98.8,78.3,92.4,38,,0,2529,1527,0,0,no,yes,yes,no,no
Rasuwa,2013,3,20.1,12.7,97.8,55.7,90.1,34.8,,0,0,1527,0,0,no,no,yes,no,no
Rasuwa,2013,4,22.6,14.4,100,27.1,84.1,64.8,,0,0,1527,0,0,no,no,yes,no,no
Rasuwa,2013,5,24.4,19.2,100,38,91.6,73.4,,0,0,1527,1321,0,no,no,yes,yes,no
Rasuwa,2013,6,25,20.7,100,30.8,95.1,309.7,,2287,0,1527,1321,0,yes,no,yes,yes,no
Rasuwa,2013,7,24.2,21.6,98.1,52.4,94.2,562.6,,2287,0,1527,1321,807,yes,no,yes,yes,yes
Rasuwa,2013,8,24.3,20,98,71.8,91.9,601.1,,2287,0,0,1321,807,yes,no,no,yes,yes
Rasuwa,2013,9,24,18,97.9,51.7,83.9,250,,2287,0,0,1321,807,yes,no,no,yes,yes
Rasuwa,2013,10,20.2,17.7,97.5,30.2,74.9,142.4,,0,0,0,1321,807,no,no,no,yes,yes
Rasuwa,2013,11,16.8,10.5,98,60.9,82.1,3.2,,0,2529,0,0,807,no,yes,no,no,yes
Rasuwa,2013,12,12.4,7.2,101.3,56.8,82,0,,0,2529,0,0,0,no,yes,no,no,no
Rasuwa,2014,1,13.1,6.3,98.4,75.3,92,14.6,,0,2529,0,0,0,no,yes,no,no,no
Rasuwa,2014,2,13.1,7.7,98.8,78.3,92.4,37.6,,0,2529,1527,0,0,no,yes,yes,no,no
Rasuwa,2014,3,20,11.1,97.8,55.7,90.1,59.8,,0,0,1527,0,0,no,no,yes,no,no
Rasuwa,2014,4,23.3,15.3,100,27.1,84.1,17.9,,0,0,1527,0,0,no,no,yes,no,no
Rasuwa,2014,5,25.4,17.1,100,38,91.6,59.2,,0,0,1527,1321,0,no,no,yes,yes,no
Rasuwa,2014,6,25.3,20.5,100,30.8,95.1,81.2,,2287,0,1527,1321,0,yes,no,yes,yes,no
Rasuwa,2014,7,24.5,21.7,98.1,52.4,94.2,713,,2287,0,1527,1321,807,yes,no,yes,yes,yes
Rasuwa,2014,8,24.2,21.6,98,71.8,91.9,621.4,,2287,0,0,1321,807,yes,no,no,yes,yes
Rasuwa,2014,9,24,20.5,97.9,51.7,83.9,230,,2287,0,0,1321,807,yes,no,no,yes,yes
Rasuwa,2014,10,20.4,14.7,97.5,30.2,74.9,80.6,,0,0,0,1321,807,no,no,no,yes,yes
Rasuwa,2014,11,17.1,11.6,98,60.9,82.1,0,,0,2529,0,0,807,no,yes,no,no,yes
Rasuwa,2014,12,14.3,7.4,101.3,56.8,82,57.8,,0,2529,0,0,0,no,yes,no,no,no
Rasuwa,2015,1,13.6,7,98.4,75.3,92,77.6,,0,2529,0,0,0,no,yes,no,no,no
Rasuwa,2015,2,14.5,8,98.8,78.3,92.4,39.6,,0,2529,1584,0,0,no,yes,yes,no,no
Rasuwa,2015,3,20,12.3,97.8,55.7,90.1,64.2,,0,0,1584,0,0,no,no,yes,no,no
Rasuwa,2015,4,20.3,15,100,27.1,84.1,83.6,,0,0,1584,0,0,no,no,yes,no,no
Rasuwa,2015,5,24.3,17,100,38,91.6,51.2,,0,0,1584,1008,0,no,no,yes,yes,no
Rasuwa,2015,6,25.8,20.6,100,30.8,95.1,207.6,,2400,0,1584,1008,0,yes,no,yes,yes,no
Rasuwa,2015,7,25.2,22,98.1,52.4,94.2,325.4,,2400,0,1584,1008,1418,yes,no,yes,yes,yes
Rasuwa,2015,8,23.5,21,98,71.8,91.9,398.5,,2400,0,0,1008,1418,yes,no,no,yes,yes
Rasuwa,2015,9,24.2,20,97.9,51.7,83.9,229.4,,2400,0,0,1008,1418,yes,no,no,yes,yes
Rasuwa,2015,10,20.6,18,97.5,30.2,74.9,13.9,,0,0,0,1008,1418,no,no,no,yes,yes
Rasuwa,2015,11,17.8,12.1,98,60.9,82.1,0,,0,1907,0,0,1418,no,no,no,no,yes
Rasuwa,2015,12,12,13,101.3,56.8,82,0,,0,1907,0,0,0,no,no,no,no,no
Rasuwa,2016,1,13.1,7.3,98.4,75.3,92,18,,0,1907,0,0,0,no,no,no,no,no
Rasuwa,2016,2,13.1,8.2,98.8,78.3,92.4,11,,0,1907,1584,0,0,no,no,yes,no,no
Rasuwa,2016,3,20,12.4,97.8,55.7,90.1,25.4,,0,0,1584,0,0,no,no,yes,no,no
Rasuwa,2016,4,23.3,16.5,100,27.1,84.1,17.2,,0,0,1584,0,0,no,no,yes,no,no
Rasuwa,2016,5,25.4,17.3,100,38,91.6,59.2,,0,0,1584,1008,0,no,no,yes,yes,no
Rasuwa,2016,6,25.3,21.3,100,30.8,95.1,81.2,,2400,0,1584,1008,0,yes,no,yes,yes,no
Rasuwa,2016,7,24.5,22,98.1,52.4,94.2,713,,2400,0,1584,1008,1418,yes,no,yes,yes,yes
Rasuwa,2016,8,24.2,21.4,98,71.8,91.9,621.4,,2400,0,0,1008,1418,yes,no,no,yes,yes
Rasuwa,2016,9,24,20.8,97.9,51.7,83.9,230,,2400,0,0,1008,1418,yes,no,no,yes,yes
Rasuwa,2016,10,20.4,18.2,97.5,30.2,74.9,80.6,,0,0,0,1008,1418,no,no,no,yes,yes
Rasuwa,2016,11,17.1,10,98,60.9,82.1,0,,0,1907,0,0,1418,no,no,no,no,yes
Rasuwa,2016,12,14.3,8.7,101.3,56.8,82,57.8,,0,1907,0,0,0,no,no,no,no,no
Rasuwa,2017,1,13,5.3,98.4,75.3,92,60,,0,1907,0,0,0,no,no,no,no,no
Rasuwa,2017,2,14,9.1,98.8,78.3,92.4,40,,0,1907,1584,0,0,no,no,yes,no,no
Rasuwa,2017,3,20.1,11.4,97.8,55.7,90.1,55,,0,0,1584,0,0,no,no,yes,no,no
Rasuwa,2017,4,22,14.6,100,27.1,84.1,54.9,,0,0,1584,0,0,no,no,yes,no,no
Rasuwa,2017,5,23.2,16.3,100,38,91.6,101.3,,0,0,1584,1008,0,no,no,yes,yes,no
Rasuwa,2017,6,24.3,21,100,30.8,95.1,270.3,,2400,0,1584,1008,0,yes,no,yes,yes,no
Rasuwa,2017,7,23.9,22,98.1,52.4,94.2,570.1,,2400,0,1584,1008,1036,yes,no,yes,yes,yes
Rasuwa,2017,8,23,20.1,98,71.8,91.9,474,,2400,0,0,1008,1036,yes,no,no,yes,yes
Rasuwa,2017,9,24.2,18.5,97.9,51.7,83.9,251.7,,2400,0,0,1008,1036,yes,no,no,yes,yes
Rasuwa,2017,10,22.5,14.5,97.5,30.2,74.9,71.1,,0,0,0,1008,1036,no,no,no,yes,yes
Rasuwa,2017,11,17,5.6,98,60.9,82.1,0,,0,1907,0,0,0,no,no,no,no,no
Rasuwa,2017,12,13,2.8,101.3,56.8,82,0,,0,1907,0,0,0,no,no,no,no,no
